                  epoch,         train/box_loss,         train/cls_loss,         train/dfl_loss,   metrics/precision(B),      metrics/recall(B),       metrics/mAP50(B),       metrics/mAP75(B),    metrics/mAP50-95(B),           val/box_loss,           val/cls_loss,           val/dfl_loss,                 lr/pg0,                 lr/pg1,                 lr/pg2
                      0,                0.92501,                 2.2835,                 1.3522,                0.11726,                0.46682,                0.17532,                0.10206,                 0.1042,                0.90003,                 4.2412,                  1.177,             3.2759e-05,             3.2759e-05,             3.2759e-05
                      1,                 0.5055,                 1.2583,                 1.1294,                0.88339,                 0.8437,                0.89848,                0.79372,                0.73768,                0.48829,                 1.2597,                0.98097,             6.4783e-05,             6.4783e-05,             6.4783e-05
                      2,                0.39329,                0.65098,                 1.0484,                0.94863,                0.92417,                0.95315,                0.89403,                0.86117,                0.37274,                0.63212,                0.89681,             9.5488e-05,             9.5488e-05,             9.5488e-05
                      3,                0.36346,                0.47352,                 1.0315,                0.95355,                0.92419,                0.96378,                0.90734,                0.88185,                0.37417,                0.50116,                 0.9049,              9.406e-05,              9.406e-05,              9.406e-05
                      4,                 0.3597,                0.42967,                 1.0358,                0.97215,                0.92654,                0.96731,                0.91422,                0.88677,                0.35752,                0.45226,                0.89094,              9.406e-05,              9.406e-05,              9.406e-05
                      5,                0.34021,                0.40169,                 1.0101,                0.97349,                0.92654,                0.97004,                 0.9241,                0.89484,                0.35322,                0.42711,                0.88089,              9.208e-05,              9.208e-05,              9.208e-05
                      6,                0.34312,                0.37784,                 1.0209,                0.98141,                0.91943,                0.96973,                 0.9269,                 0.8973,                0.34919,                0.41993,                  0.878,               9.01e-05,               9.01e-05,               9.01e-05
                      7,                0.33843,                0.36692,                  1.018,                0.98231,                0.92117,                 0.9704,                0.92897,                0.89956,                0.34715,                0.41165,                0.87647,              8.812e-05,              8.812e-05,              8.812e-05
                      8,                0.32892,                0.36565,                  1.011,                0.98097,                0.92417,                0.97124,                0.93861,                0.90693,                0.35019,                0.40205,                0.87756,              8.614e-05,              8.614e-05,              8.614e-05
                      9,                0.33732,                0.36587,                 1.0214,                0.96794,                0.93128,                 0.9715,                0.93594,                0.90612,                0.34228,                0.40286,                0.86907,              8.416e-05,              8.416e-05,              8.416e-05
                     10,                0.33135,                0.34675,                 1.0154,                0.97738,                0.92159,                0.97092,                0.92844,                0.90622,                0.34594,                0.39708,                0.87525,              8.218e-05,              8.218e-05,              8.218e-05
                     11,                0.33548,                0.35147,                 1.0147,                 0.9689,                0.92891,                0.97082,                0.93133,                0.90916,                0.34126,                  0.388,                0.87018,               8.02e-05,               8.02e-05,               8.02e-05
                     12,                0.33865,                0.35497,                 1.0289,                0.96872,                0.93365,                0.97223,                0.93423,                0.91348,                0.34425,                0.38231,                0.87278,              7.822e-05,              7.822e-05,              7.822e-05
                     13,                0.33393,                0.34642,                 1.0078,                0.97505,                0.92596,                0.97193,                0.93313,                0.90952,                0.33971,                0.38096,                0.86878,              7.624e-05,              7.624e-05,              7.624e-05
                     14,                0.34083,                0.34249,                  1.022,                 0.9774,                0.91943,                0.97074,                0.93135,                0.90957,                0.33851,                0.37892,                 0.8701,              7.426e-05,              7.426e-05,              7.426e-05
                     15,                0.32463,                0.33681,                 1.0025,                0.95874,                0.93598,                0.96977,                0.93211,                0.90639,                0.34212,                0.38456,                0.87365,              7.228e-05,              7.228e-05,              7.228e-05
                     16,                0.33986,                0.34308,                 1.0162,                0.96619,                0.92654,                0.97112,                0.93241,                0.90861,                0.34116,                0.38586,                0.87307,               7.03e-05,               7.03e-05,               7.03e-05
                     17,                0.33252,                0.34229,                 1.0212,                0.96092,                 0.9323,                0.97213,                0.93531,                 0.9124,                0.33928,                0.37616,                0.87111,              6.832e-05,              6.832e-05,              6.832e-05
                     18,                0.33235,                0.33591,                 1.0156,                0.96823,                0.92417,                0.97267,                0.93592,                 0.9131,                0.33916,                 0.3681,                0.87115,              6.634e-05,              6.634e-05,              6.634e-05
                     19,                0.32805,                0.32426,                 1.0134,                0.98216,                0.91232,                0.97003,                0.93533,                0.91273,                0.33932,                0.37357,                0.87167,              6.436e-05,              6.436e-05,              6.436e-05
                     20,                0.32806,                 0.3339,                 1.0103,                0.97022,                 0.9264,                0.97184,                 0.9331,                0.91238,                0.34209,                0.37194,                0.87504,              6.238e-05,              6.238e-05,              6.238e-05
                     21,                 0.3238,                0.32719,                 1.0093,                0.95693,                0.93602,                0.97247,                0.92957,                0.90967,                0.34064,                0.37368,                0.87269,               6.04e-05,               6.04e-05,               6.04e-05
                     22,                 0.3375,                0.33122,                 1.0166,                0.96384,                0.93839,                0.97292,                0.93614,                 0.9125,                 0.3378,                 0.3727,                 0.8707,              5.842e-05,              5.842e-05,              5.842e-05
                     23,                0.32933,                0.33485,                 1.0205,                0.98221,                0.91574,                0.97274,                0.93739,                0.91511,                0.33453,                0.36631,                0.86632,              5.644e-05,              5.644e-05,              5.644e-05
                     24,                0.31562,                0.31428,                0.99891,                0.97568,                0.91943,                0.97277,                0.93635,                0.91369,                0.34026,                0.37023,                0.87229,              5.446e-05,              5.446e-05,              5.446e-05
                     25,                0.32632,                0.32924,                 1.0096,                0.98313,                0.91943,                0.97056,                0.93274,                0.90779,                0.33654,                0.36814,                0.86897,              5.248e-05,              5.248e-05,              5.248e-05
                     26,                0.33405,                0.32765,                 1.0131,                 0.9887,                 0.9218,                 0.9723,                0.93463,                0.91311,                0.33538,                0.36429,                0.86674,               5.05e-05,               5.05e-05,               5.05e-05
                     27,                0.32492,                0.32106,                 1.0049,                0.98184,                 0.9218,                0.97255,                0.93737,                0.91286,                0.33728,                0.36666,                  0.867,              4.852e-05,              4.852e-05,              4.852e-05
                     28,                0.32238,                0.32122,                 1.0095,                0.97277,                0.93116,                0.97137,                0.93575,                0.91114,                0.33821,                0.36721,                0.86886,              4.654e-05,              4.654e-05,              4.654e-05
                     29,                0.32251,                0.31787,                 1.0069,                 0.9798,                0.91953,                 0.9722,                0.93645,                 0.9131,                0.34079,                 0.3652,                0.87342,              4.456e-05,              4.456e-05,              4.456e-05
                     30,                0.32277,                0.32272,                 1.0069,                0.97492,                0.92126,                0.97144,                0.93566,                0.91238,                0.34107,                0.36516,                0.87238,              4.258e-05,              4.258e-05,              4.258e-05
                     31,                0.32912,                0.32198,                 1.0128,                0.98113,                 0.9218,                0.97251,                 0.9328,                0.91197,                0.33938,                0.36717,                 0.8706,               4.06e-05,               4.06e-05,               4.06e-05
                     32,                0.31935,                0.31505,                  1.007,                0.97985,                0.92166,                0.97338,                0.93362,                0.91091,                0.33988,                0.36837,                0.87173,              3.862e-05,              3.862e-05,              3.862e-05
                     33,                0.32691,                0.32034,                 1.0096,                0.98473,                0.91702,                0.97263,                0.93284,                0.91134,                0.33872,                0.36705,                0.87051,              3.664e-05,              3.664e-05,              3.664e-05
                     34,                0.32704,                0.32468,                 1.0135,                0.97492,                0.92131,                0.97337,                0.93565,                0.91335,                0.33618,                0.36354,                0.86702,              3.466e-05,              3.466e-05,              3.466e-05
                     35,                0.33307,                0.31961,                 1.0155,                0.97842,                0.91943,                0.97285,                0.93664,                0.91557,                 0.3335,                0.36354,                0.86418,              3.268e-05,              3.268e-05,              3.268e-05
                     36,                0.32268,                0.31739,                 1.0112,                0.97028,                0.92827,                0.97287,                0.93513,                0.91386,                0.33244,                0.35809,                0.86156,               3.07e-05,               3.07e-05,               3.07e-05
                     37,                0.31699,                0.31168,                 1.0042,                0.98232,                0.92163,                0.97446,                0.93407,                 0.9153,                0.33715,                0.35863,                0.86836,              2.872e-05,              2.872e-05,              2.872e-05
                     38,                0.33157,                0.31953,                 1.0221,                0.97743,                0.92366,                0.97241,                0.93611,                0.91356,                0.33428,                0.35892,                0.86442,              2.674e-05,              2.674e-05,              2.674e-05
                     39,                0.31649,                0.30753,                 1.0028,                0.96866,                0.92891,                0.97235,                0.93438,                0.91396,                0.33565,                0.36015,                  0.867,              2.476e-05,              2.476e-05,              2.476e-05
                     40,                0.31831,                0.31619,                 1.0021,                0.96813,                0.93128,                0.97284,                0.93282,                  0.913,                0.33499,                 0.3588,                0.86626,              2.278e-05,              2.278e-05,              2.278e-05
                     41,                 0.3218,                0.31481,                 1.0051,                0.96565,                0.93263,                0.97399,                0.93551,                0.91404,                0.33275,                0.35836,                0.86294,               2.08e-05,               2.08e-05,               2.08e-05
                     42,                  0.331,                0.31813,                  1.011,                0.96908,                0.93365,                0.97436,                0.93477,                0.91493,                0.33508,                0.35618,                 0.8661,              1.882e-05,              1.882e-05,              1.882e-05
                     43,                0.31922,                0.31553,                 1.0072,                0.97283,                0.92417,                0.97252,                0.93585,                 0.9136,                0.33163,                0.35637,                0.86221,              1.684e-05,              1.684e-05,              1.684e-05
                     44,                0.32154,                0.31319,                 1.0112,                0.97266,                0.92741,                0.97258,                 0.9332,                0.91267,                0.33179,                0.35513,                0.86236,              1.486e-05,              1.486e-05,              1.486e-05
                     45,                0.32302,                0.31585,                 1.0061,                0.96565,                0.93261,                0.97397,                0.93287,                0.91328,                0.33325,                0.35849,                0.86335,              1.288e-05,              1.288e-05,              1.288e-05
                     46,                0.31656,                0.31593,                 1.0014,                0.96578,                0.93644,                0.97411,                0.93616,                0.91519,                0.33226,                0.35557,                0.86291,               1.09e-05,               1.09e-05,               1.09e-05
                     47,                0.32754,                0.32348,                 1.0149,                0.96334,                0.93409,                0.97368,                0.93011,                0.91141,                0.33219,                0.35686,                0.86279,               8.92e-06,               8.92e-06,               8.92e-06
                     48,                0.31265,                 0.3149,                 1.0043,                0.97265,                0.92688,                0.97396,                0.93522,                0.91331,                0.33163,                0.35661,                0.86251,               6.94e-06,               6.94e-06,               6.94e-06
                     49,                0.32432,                0.31453,                 1.0123,                0.98336,                0.91943,                0.97218,                0.93007,                 0.9132,                0.33281,                0.35671,                0.86353,               4.96e-06,               4.96e-06,               4.96e-06
