                  epoch,         train/box_loss,         train/cls_loss,         train/dfl_loss,   metrics/precision(B),      metrics/recall(B),       metrics/mAP50(B),       metrics/mAP75(B),    metrics/mAP50-95(B),           val/box_loss,           val/cls_loss,           val/dfl_loss,     fusion/alpha_train,       fusion/alpha_ema,                 lr/pg0,                 lr/pg1,                 lr/pg2
                      0,                0.34476,                0.78185,                 1.0131,                0.98188,                0.89898,                0.96499,                0.93784,                0.91373,                0.32163,                0.38894,                0.83125,                0.49977,                0.49977,             3.2759e-05,             3.2759e-05,             3.2759e-05
                      1,                0.32173,                0.47759,                0.99163,                0.97208,                0.93128,                0.97048,                 0.9398,                0.91321,                 0.3338,                0.33295,                0.84658,                0.49932,                0.49932,             6.4783e-05,             6.4783e-05,             6.4783e-05
                      2,                0.33587,                0.34147,                 1.0114,                0.98016,                0.93662,                0.96718,                0.93674,                0.90614,                0.33773,                0.33373,                0.85576,                0.49903,                0.49903,             9.5488e-05,             9.5488e-05,             9.5488e-05
                      3,                0.33696,                0.31375,                 1.0096,                 0.9722,                0.94313,                0.96741,                0.93581,                0.90467,                 0.3379,                0.33208,                0.85889,                0.49891,                0.49892,              9.406e-05,              9.406e-05,              9.406e-05
                      4,                0.33012,                0.32952,                 1.0038,                0.97224,                0.94313,                0.97144,                0.93872,                0.91295,                0.33536,                0.33276,                0.85422,                0.49884,                0.49884,              9.406e-05,              9.406e-05,              9.406e-05
                      5,                0.33535,                0.31426,                 1.0124,                0.96003,                0.94787,                0.97223,                0.93935,                0.91162,                0.33966,                 0.3354,                0.86094,                0.49878,                0.49878,              9.208e-05,              9.208e-05,              9.208e-05
                      6,                 0.3462,                0.32032,                 1.0166,                0.97762,                0.93149,                0.97203,                0.94462,                0.91201,                0.33529,                0.34118,                0.86396,                0.49872,                0.49872,               9.01e-05,               9.01e-05,               9.01e-05
                      7,                0.32743,                0.31443,                 1.0022,                 0.9826,                0.93672,                0.97047,                0.93855,                0.90861,                0.34111,                0.34163,                0.86624,                0.49865,                0.49865,              8.812e-05,              8.812e-05,              8.812e-05
                      8,                0.33539,                0.31709,                 1.0163,                0.96808,                0.93428,                0.97101,                0.94611,                  0.914,                0.34047,                0.33633,                0.86674,                0.49861,                0.49861,              8.614e-05,              8.614e-05,              8.614e-05
                      9,                0.33707,                0.31971,                 1.0106,                0.97344,                0.93365,                0.97246,                0.94424,                0.91054,                0.33768,                0.33595,                0.86194,                0.49856,                0.49856,              8.416e-05,              8.416e-05,              8.416e-05
                     10,                 0.3237,                0.30561,                0.99785,                0.98299,                0.93128,                 0.9721,                0.94897,                0.91537,                0.33489,                0.32825,                0.85942,                 0.4985,                 0.4985,              8.218e-05,              8.218e-05,              8.218e-05
                     11,                0.32681,                0.31692,                0.99786,                0.98016,                 0.9366,                0.97178,                0.94599,                0.91407,                0.33701,                0.32764,                0.85995,                0.49843,                0.49843,               8.02e-05,               8.02e-05,               8.02e-05
                     12,                0.33437,                0.31656,                 1.0113,                0.97497,                0.94313,                0.97197,                0.94635,                0.91603,                0.33397,                0.33005,                0.85742,                0.49835,                0.49835,              7.822e-05,              7.822e-05,              7.822e-05
                     13,                0.32414,                0.30383,                  1.002,                0.97789,                0.94306,                0.97334,                0.94276,                0.91233,                0.33796,                0.33565,                0.86215,                0.49829,                0.49829,              7.624e-05,              7.624e-05,              7.624e-05
                     14,                0.32736,                0.31141,                 1.0045,                0.98261,                0.93755,                0.97268,                0.94452,                0.91629,                0.33795,                0.32855,                0.86189,                0.49823,                0.49823,              7.426e-05,              7.426e-05,              7.426e-05
                     15,                0.32559,                0.29823,                  1.009,                0.97299,                0.93896,                0.97197,                0.94276,                0.91375,                0.34001,                0.33201,                0.86339,                0.49817,                0.49817,              7.228e-05,              7.228e-05,              7.228e-05
                     16,                0.31917,                0.30407,                 0.9957,                0.97301,                0.93969,                 0.9708,                 0.9413,                0.91211,                0.33718,                0.33391,                0.85728,                0.49811,                0.49811,               7.03e-05,               7.03e-05,               7.03e-05
                     17,                0.33281,                 0.3121,                  1.005,                0.96364,                0.94209,                0.97085,                0.94598,                0.91467,                0.33315,                0.33867,                0.85595,                0.49804,                0.49805,              6.832e-05,              6.832e-05,              6.832e-05
                     18,                0.31535,                0.30135,                0.99268,                0.98737,                0.92598,                0.97124,                 0.9407,                0.91293,                0.33564,                0.34225,                 0.8575,                0.49796,                0.49796,              6.634e-05,              6.634e-05,              6.634e-05
                     19,                0.32651,                0.29979,                 1.0057,                0.95912,                0.94511,                0.97038,                0.94062,                0.91408,                0.33045,                0.34341,                0.85465,                 0.4979,                 0.4979,              6.436e-05,              6.436e-05,              6.436e-05
                     20,                 0.3272,                0.30497,                 1.0028,                0.98989,                0.92773,                0.97312,                0.94614,                0.91725,                0.33235,                0.33838,                 0.8545,                0.49784,                0.49784,              6.238e-05,              6.238e-05,              6.238e-05
                     21,                0.33054,                0.30629,                 1.0055,                  0.966,                0.94253,                0.97307,                0.94133,                0.91649,                0.33281,                0.33367,                0.85427,                0.49778,                0.49778,               6.04e-05,               6.04e-05,               6.04e-05
                     22,                0.32066,                0.30293,                0.99846,                0.97334,                0.93839,                0.97196,                 0.9427,                 0.9163,                0.32967,                0.32784,                0.85136,                0.49773,                0.49774,              5.842e-05,              5.842e-05,              5.842e-05
                     23,                0.33451,                0.31375,                 1.0075,                0.98731,                0.92417,                0.97071,                0.94079,                 0.9147,                 0.3304,                  0.332,                0.85224,                0.49768,                0.49768,              5.644e-05,              5.644e-05,              5.644e-05
                     24,                0.32786,                0.30667,                 1.0038,                0.95436,                0.94313,                0.97069,                0.93424,                0.91019,                0.33066,                0.34344,                0.85531,                0.49762,                0.49762,              5.446e-05,              5.446e-05,              5.446e-05
                     25,                0.33647,                 0.3047,                 1.0088,                0.97442,                0.92891,                0.97139,                0.93646,                0.91339,                0.33088,                0.34194,                0.85431,                0.49757,                0.49757,              5.248e-05,              5.248e-05,              5.248e-05
                     26,                0.33114,                0.30725,                 1.0064,                0.95131,                 0.9455,                0.97106,                0.93216,                 0.9111,                0.32766,                0.34028,                0.85141,                0.49753,                0.49753,               5.05e-05,               5.05e-05,               5.05e-05
                     27,                0.32265,                0.30549,                   1.01,                0.96786,                0.92768,                 0.9697,                0.93848,                 0.9133,                0.32864,                0.33999,                0.85225,                0.49749,                0.49749,              4.852e-05,              4.852e-05,              4.852e-05
                     28,                 0.3299,                0.30683,                 1.0074,                0.95372,                0.93839,                0.96976,                0.93811,                 0.9135,                0.33125,                0.33942,                0.85583,                0.49746,                0.49746,              4.654e-05,              4.654e-05,              4.654e-05
                     29,                0.32374,                0.30694,                0.99683,                 0.9585,                0.94787,                0.97022,                0.94247,                0.91598,                0.33267,                0.33359,                0.85645,                0.49742,                0.49742,              4.456e-05,              4.456e-05,              4.456e-05
                     30,                 0.3214,                0.30096,                 1.0007,                0.96141,                0.94451,                0.97009,                0.94075,                 0.9147,                0.33523,                0.33252,                0.85798,                0.49738,                0.49738,              4.258e-05,              4.258e-05,              4.258e-05
                     31,                0.32523,                0.30138,                 1.0033,                0.96471,                0.94313,                0.97203,                0.94439,                0.91606,                0.33349,                0.32881,                0.85686,                0.49735,                0.49735,               4.06e-05,               4.06e-05,               4.06e-05
                     32,                0.32619,                0.30138,                 1.0124,                0.96117,                 0.9384,                0.96918,                 0.9368,                0.91148,                0.33463,                0.33429,                0.85883,                0.49731,                0.49731,              3.862e-05,              3.862e-05,              3.862e-05
                     33,                0.33671,                0.30995,                 1.0121,                0.97501,                0.92891,                0.96876,                0.93448,                 0.9105,                0.33386,                0.33657,                0.85859,                0.49728,                0.49728,              3.664e-05,              3.664e-05,              3.664e-05
                     34,                0.32659,                0.30321,                 1.0014,                0.97581,                0.92891,                0.96953,                0.93598,                0.91158,                 0.3342,                0.33485,                0.86053,                0.49725,                0.49725,              3.466e-05,              3.466e-05,              3.466e-05
                     35,                0.32415,                0.30115,                0.99959,                0.98652,                0.91706,                0.97003,                0.94158,                0.91509,                0.33457,                 0.3357,                0.86026,                0.49722,                0.49722,              3.268e-05,              3.268e-05,              3.268e-05
                     36,                0.33047,                 0.2997,                 1.0137,                0.98479,                0.92028,                0.97006,                 0.9408,                0.91268,                0.33111,                0.33799,                0.85845,                 0.4972,                 0.4972,               3.07e-05,               3.07e-05,               3.07e-05
                     37,                0.31951,                0.29164,                0.99972,                0.97274,                0.93008,                0.96994,                0.93774,                 0.9125,                0.33206,                0.33551,                0.85994,                0.49717,                0.49717,              2.872e-05,              2.872e-05,              2.872e-05
                     38,                0.32325,                0.29721,                  1.003,                0.96363,                0.94175,                0.97123,                 0.9445,                0.91579,                 0.3312,                0.33206,                0.85723,                0.49714,                0.49714,              2.674e-05,              2.674e-05,              2.674e-05
                     39,                0.32278,                 0.2975,                 1.0036,                0.96074,                 0.9455,                0.97267,                0.94415,                 0.9169,                0.33199,                0.33129,                0.85828,                0.49711,                0.49711,              2.476e-05,              2.476e-05,              2.476e-05
                     40,                 0.3315,                0.30362,                 1.0095,                0.95915,                0.94597,                0.97279,                0.94558,                0.91708,                0.33052,                0.33083,                0.85687,                 0.4971,                 0.4971,              2.278e-05,              2.278e-05,              2.278e-05
                     41,                0.33336,                0.30201,                 1.0062,                0.96447,                0.94313,                0.97188,                0.94131,                0.91438,                0.33109,                0.33202,                0.85622,                0.49707,                0.49707,               2.08e-05,               2.08e-05,               2.08e-05
                     42,                0.32221,                0.31373,                0.99878,                0.96599,                0.94219,                0.97172,                0.94333,                0.91573,                0.33077,                 0.3318,                0.85579,                0.49705,                0.49705,              1.882e-05,              1.882e-05,              1.882e-05
                     43,                0.32326,                0.30349,                 1.0018,                0.98484,                 0.9239,                0.97127,                0.94374,                0.91611,                0.33066,                0.33132,                0.85529,                0.49704,                0.49704,              1.684e-05,              1.684e-05,              1.684e-05
                     44,                 0.3192,                0.29162,                 1.0042,                 0.9847,                0.92417,                0.97136,                0.94382,                0.91731,                0.32975,                0.32829,                0.85492,                0.49703,                0.49703,              1.486e-05,              1.486e-05,              1.486e-05
                     45,                0.31323,                0.29113,                0.99334,                0.98731,                0.92171,                0.97244,                0.94421,                0.91602,                0.33011,                0.33077,                0.85506,                0.49701,                0.49702,              1.288e-05,              1.288e-05,              1.288e-05
                     46,                0.31582,                0.29076,                0.99932,                0.98483,                0.92282,                0.97197,                0.94474,                0.91722,                0.33057,                0.32845,                0.85661,                  0.497,                  0.497,               1.09e-05,               1.09e-05,               1.09e-05
                     47,                0.32384,                 0.2993,                 1.0069,                0.98733,                0.92363,                0.97279,                0.94514,                0.91741,                0.32979,                0.32888,                0.85619,                0.49699,                0.49699,               8.92e-06,               8.92e-06,               8.92e-06
                     48,                0.32033,                0.29779,                 1.0005,                0.98237,                0.92436,                0.97274,                0.94723,                0.91873,                0.32926,                0.32757,                0.85572,                0.49698,                0.49698,               6.94e-06,               6.94e-06,               6.94e-06
                     49,                0.32038,                0.29012,                0.99676,                0.98497,                0.92417,                0.97282,                0.94928,                0.91925,                0.32979,                 0.3258,                0.85621,                0.49698,                0.49698,               4.96e-06,               4.96e-06,               4.96e-06
