x_start,x_end,y_start,y_end,count,normalized_density
0.00,0.05,0.00,0.05,0,0.00000000
0.05,0.10,0.00,0.05,1,0.00395257
0.10,0.15,0.00,0.05,0,0.00000000
0.15,0.20,0.00,0.05,0,0.00000000
0.20,0.25,0.00,0.05,0,0.00000000
0.25,0.30,0.00,0.05,0,0.00000000
0.30,0.35,0.00,0.05,0,0.00000000
0.35,0.40,0.00,0.05,0,0.00000000
0.40,0.45,0.00,0.05,0,0.00000000
0.45,0.50,0.00,0.05,0,0.00000000
0.50,0.55,0.00,0.05,0,0.00000000
0.55,0.60,0.00,0.05,0,0.00000000
0.60,0.65,0.00,0.05,0,0.00000000
0.65,0.70,0.00,0.05,0,0.00000000
0.70,0.75,0.00,0.05,0,0.00000000
0.75,0.80,0.00,0.05,0,0.00000000
0.80,0.85,0.00,0.05,0,0.00000000
0.85,0.90,0.00,0.05,0,0.00000000
0.90,0.95,0.00,0.05,0,0.00000000
0.95,1.00,0.00,0.05,0,0.00000000
0.00,0.05,0.05,0.10,0,0.00000000
0.05,0.10,0.05,0.10,0,0.00000000
0.10,0.15,0.05,0.10,0,0.00000000
0.15,0.20,0.05,0.10,0,0.00000000
0.20,0.25,0.05,0.10,0,0.00000000
0.25,0.30,0.05,0.10,1,0.00395257
0.30,0.35,0.05,0.10,0,0.00000000
0.35,0.40,0.05,0.10,0,0.00000000
0.40,0.45,0.05,0.10,0,0.00000000
0.45,0.50,0.05,0.10,2,0.00790514
0.50,0.55,0.05,0.10,0,0.00000000
0.55,0.60,0.05,0.10,0,0.00000000
0.60,0.65,0.05,0.10,0,0.00000000
0.65,0.70,0.05,0.10,0,0.00000000
0.70,0.75,0.05,0.10,0,0.00000000
0.75,0.80,0.05,0.10,0,0.00000000
0.80,0.85,0.05,0.10,0,0.00000000
0.85,0.90,0.05,0.10,1,0.00395257
0.90,0.95,0.05,0.10,0,0.00000000
0.95,1.00,0.05,0.10,0,0.00000000
0.00,0.05,0.10,0.15,0,0.00000000
0.05,0.10,0.10,0.15,1,0.00395257
0.10,0.15,0.10,0.15,1,0.00395257
0.15,0.20,0.10,0.15,1,0.00395257
0.20,0.25,0.10,0.15,1,0.00395257
0.25,0.30,0.10,0.15,2,0.00790514
0.30,0.35,0.10,0.15,0,0.00000000
0.35,0.40,0.10,0.15,0,0.00000000
0.40,0.45,0.10,0.15,0,0.00000000
0.45,0.50,0.10,0.15,0,0.00000000
0.50,0.55,0.10,0.15,0,0.00000000
0.55,0.60,0.10,0.15,1,0.00395257
0.60,0.65,0.10,0.15,0,0.00000000
0.65,0.70,0.10,0.15,1,0.00395257
0.70,0.75,0.10,0.15,0,0.00000000
0.75,0.80,0.10,0.15,1,0.00395257
0.80,0.85,0.10,0.15,0,0.00000000
0.85,0.90,0.10,0.15,0,0.00000000
0.90,0.95,0.10,0.15,0,0.00000000
0.95,1.00,0.10,0.15,0,0.00000000
0.00,0.05,0.15,0.20,0,0.00000000
0.05,0.10,0.15,0.20,0,0.00000000
0.10,0.15,0.15,0.20,1,0.00395257
0.15,0.20,0.15,0.20,1,0.00395257
0.20,0.25,0.15,0.20,1,0.00395257
0.25,0.30,0.15,0.20,1,0.00395257
0.30,0.35,0.15,0.20,1,0.00395257
0.35,0.40,0.15,0.20,1,0.00395257
0.40,0.45,0.15,0.20,2,0.00790514
0.45,0.50,0.15,0.20,1,0.00395257
0.50,0.55,0.15,0.20,1,0.00395257
0.55,0.60,0.15,0.20,2,0.00790514
0.60,0.65,0.15,0.20,3,0.01185771
0.65,0.70,0.15,0.20,0,0.00000000
0.70,0.75,0.15,0.20,1,0.00395257
0.75,0.80,0.15,0.20,1,0.00395257
0.80,0.85,0.15,0.20,1,0.00395257
0.85,0.90,0.15,0.20,0,0.00000000
0.90,0.95,0.15,0.20,0,0.00000000
0.95,1.00,0.15,0.20,0,0.00000000
0.00,0.05,0.20,0.25,0,0.00000000
0.05,0.10,0.20,0.25,0,0.00000000
0.10,0.15,0.20,0.25,0,0.00000000
0.15,0.20,0.20,0.25,0,0.00000000
0.20,0.25,0.20,0.25,2,0.00790514
0.25,0.30,0.20,0.25,1,0.00395257
0.30,0.35,0.20,0.25,0,0.00000000
0.35,0.40,0.20,0.25,0,0.00000000
0.40,0.45,0.20,0.25,1,0.00395257
0.45,0.50,0.20,0.25,1,0.00395257
0.50,0.55,0.20,0.25,3,0.01185771
0.55,0.60,0.20,0.25,1,0.00395257
0.60,0.65,0.20,0.25,1,0.00395257
0.65,0.70,0.20,0.25,1,0.00395257
0.70,0.75,0.20,0.25,0,0.00000000
0.75,0.80,0.20,0.25,0,0.00000000
0.80,0.85,0.20,0.25,1,0.00395257
0.85,0.90,0.20,0.25,0,0.00000000
0.90,0.95,0.20,0.25,0,0.00000000
0.95,1.00,0.20,0.25,0,0.00000000
0.00,0.05,0.25,0.30,0,0.00000000
0.05,0.10,0.25,0.30,1,0.00395257
0.10,0.15,0.25,0.30,0,0.00000000
0.15,0.20,0.25,0.30,0,0.00000000
0.20,0.25,0.25,0.30,0,0.00000000
0.25,0.30,0.25,0.30,2,0.00790514
0.30,0.35,0.25,0.30,0,0.00000000
0.35,0.40,0.25,0.30,4,0.01581028
0.40,0.45,0.25,0.30,1,0.00395257
0.45,0.50,0.25,0.30,5,0.01976285
0.50,0.55,0.25,0.30,5,0.01976285
0.55,0.60,0.25,0.30,4,0.01581028
0.60,0.65,0.25,0.30,3,0.01185771
0.65,0.70,0.25,0.30,1,0.00395257
0.70,0.75,0.25,0.30,0,0.00000000
0.75,0.80,0.25,0.30,1,0.00395257
0.80,0.85,0.25,0.30,1,0.00395257
0.85,0.90,0.25,0.30,0,0.00000000
0.90,0.95,0.25,0.30,1,0.00395257
0.95,1.00,0.25,0.30,0,0.00000000
0.00,0.05,0.30,0.35,0,0.00000000
0.05,0.10,0.30,0.35,1,0.00395257
0.10,0.15,0.30,0.35,0,0.00000000
0.15,0.20,0.30,0.35,1,0.00395257
0.20,0.25,0.30,0.35,1,0.00395257
0.25,0.30,0.30,0.35,3,0.01185771
0.30,0.35,0.30,0.35,7,0.02766798
0.35,0.40,0.30,0.35,7,0.02766798
0.40,0.45,0.30,0.35,8,0.03162055
0.45,0.50,0.30,0.35,2,0.00790514
0.50,0.55,0.30,0.35,11,0.04347826
0.55,0.60,0.30,0.35,5,0.01976285
0.60,0.65,0.30,0.35,3,0.01185771
0.65,0.70,0.30,0.35,3,0.01185771
0.70,0.75,0.30,0.35,2,0.00790514
0.75,0.80,0.30,0.35,0,0.00000000
0.80,0.85,0.30,0.35,1,0.00395257
0.85,0.90,0.30,0.35,1,0.00395257
0.90,0.95,0.30,0.35,0,0.00000000
0.95,1.00,0.30,0.35,0,0.00000000
0.00,0.05,0.35,0.40,0,0.00000000
0.05,0.10,0.35,0.40,0,0.00000000
0.10,0.15,0.35,0.40,0,0.00000000
0.15,0.20,0.35,0.40,0,0.00000000
0.20,0.25,0.35,0.40,1,0.00395257
0.25,0.30,0.35,0.40,5,0.01976285
0.30,0.35,0.35,0.40,2,0.00790514
0.35,0.40,0.35,0.40,12,0.04743083
0.40,0.45,0.35,0.40,10,0.03952569
0.45,0.50,0.35,0.40,23,0.09090909
0.50,0.55,0.35,0.40,38,0.15019763
0.55,0.60,0.35,0.40,15,0.05928854
0.60,0.65,0.35,0.40,8,0.03162055
0.65,0.70,0.35,0.40,5,0.01976285
0.70,0.75,0.35,0.40,4,0.01581028
0.75,0.80,0.35,0.40,2,0.00790514
0.80,0.85,0.35,0.40,0,0.00000000
0.85,0.90,0.35,0.40,0,0.00000000
0.90,0.95,0.35,0.40,1,0.00395257
0.95,1.00,0.35,0.40,0,0.00000000
0.00,0.05,0.40,0.45,0,0.00000000
0.05,0.10,0.40,0.45,1,0.00395257
0.10,0.15,0.40,0.45,0,0.00000000
0.15,0.20,0.40,0.45,2,0.00790514
0.20,0.25,0.40,0.45,1,0.00395257
0.25,0.30,0.40,0.45,4,0.01581028
0.30,0.35,0.40,0.45,2,0.00790514
0.35,0.40,0.40,0.45,11,0.04347826
0.40,0.45,0.40,0.45,23,0.09090909
0.45,0.50,0.40,0.45,32,0.12648221
0.50,0.55,0.40,0.45,50,0.19762846
0.55,0.60,0.40,0.45,17,0.06719368
0.60,0.65,0.40,0.45,14,0.05533597
0.65,0.70,0.40,0.45,8,0.03162055
0.70,0.75,0.40,0.45,5,0.01976285
0.75,0.80,0.40,0.45,4,0.01581028
0.80,0.85,0.40,0.45,4,0.01581028
0.85,0.90,0.40,0.45,3,0.01185771
0.90,0.95,0.40,0.45,0,0.00000000
0.95,1.00,0.40,0.45,0,0.00000000
0.00,0.05,0.45,0.50,0,0.00000000
0.05,0.10,0.45,0.50,1,0.00395257
0.10,0.15,0.45,0.50,1,0.00395257
0.15,0.20,0.45,0.50,1,0.00395257
0.20,0.25,0.45,0.50,6,0.02371542
0.25,0.30,0.45,0.50,6,0.02371542
0.30,0.35,0.45,0.50,13,0.05138340
0.35,0.40,0.45,0.50,21,0.08300395
0.40,0.45,0.45,0.50,45,0.17786561
0.45,0.50,0.45,0.50,108,0.42687747
0.50,0.55,0.45,0.50,109,0.43083004
0.55,0.60,0.45,0.50,40,0.15810277
0.60,0.65,0.45,0.50,19,0.07509881
0.65,0.70,0.45,0.50,8,0.03162055
0.70,0.75,0.45,0.50,6,0.02371542
0.75,0.80,0.45,0.50,4,0.01581028
0.80,0.85,0.45,0.50,0,0.00000000
0.85,0.90,0.45,0.50,0,0.00000000
0.90,0.95,0.45,0.50,1,0.00395257
0.95,1.00,0.45,0.50,0,0.00000000
0.00,0.05,0.50,0.55,0,0.00000000
0.05,0.10,0.50,0.55,1,0.00395257
0.10,0.15,0.50,0.55,0,0.00000000
0.15,0.20,0.50,0.55,3,0.01185771
0.20,0.25,0.50,0.55,9,0.03557312
0.25,0.30,0.50,0.55,16,0.06324111
0.30,0.35,0.50,0.55,33,0.13043478
0.35,0.40,0.50,0.55,56,0.22134387
0.40,0.45,0.50,0.55,115,0.45454545
0.45,0.50,0.50,0.55,215,0.84980237
0.50,0.55,0.50,0.55,253,1.00000000
0.55,0.60,0.50,0.55,105,0.41501976
0.60,0.65,0.50,0.55,50,0.19762846
0.65,0.70,0.50,0.55,30,0.11857708
0.70,0.75,0.50,0.55,18,0.07114625
0.75,0.80,0.50,0.55,12,0.04743083
0.80,0.85,0.50,0.55,7,0.02766798
0.85,0.90,0.50,0.55,1,0.00395257
0.90,0.95,0.50,0.55,2,0.00790514
0.95,1.00,0.50,0.55,0,0.00000000
0.00,0.05,0.55,0.60,0,0.00000000
0.05,0.10,0.55,0.60,0,0.00000000
0.10,0.15,0.55,0.60,2,0.00790514
0.15,0.20,0.55,0.60,0,0.00000000
0.20,0.25,0.55,0.60,4,0.01581028
0.25,0.30,0.55,0.60,1,0.00395257
0.30,0.35,0.55,0.60,3,0.01185771
0.35,0.40,0.55,0.60,6,0.02371542
0.40,0.45,0.55,0.60,19,0.07509881
0.45,0.50,0.55,0.60,43,0.16996047
0.50,0.55,0.55,0.60,66,0.26086957
0.55,0.60,0.55,0.60,26,0.10276680
0.60,0.65,0.55,0.60,7,0.02766798
0.65,0.70,0.55,0.60,5,0.01976285
0.70,0.75,0.55,0.60,3,0.01185771
0.75,0.80,0.55,0.60,2,0.00790514
0.80,0.85,0.55,0.60,0,0.00000000
0.85,0.90,0.55,0.60,1,0.00395257
0.90,0.95,0.55,0.60,0,0.00000000
0.95,1.00,0.55,0.60,0,0.00000000
0.00,0.05,0.60,0.65,1,0.00395257
0.05,0.10,0.60,0.65,1,0.00395257
0.10,0.15,0.60,0.65,1,0.00395257
0.15,0.20,0.60,0.65,0,0.00000000
0.20,0.25,0.60,0.65,1,0.00395257
0.25,0.30,0.60,0.65,1,0.00395257
0.30,0.35,0.60,0.65,4,0.01581028
0.35,0.40,0.60,0.65,11,0.04347826
0.40,0.45,0.60,0.65,5,0.01976285
0.45,0.50,0.60,0.65,16,0.06324111
0.50,0.55,0.60,0.65,26,0.10276680
0.55,0.60,0.60,0.65,7,0.02766798
0.60,0.65,0.60,0.65,9,0.03557312
0.65,0.70,0.60,0.65,5,0.01976285
0.70,0.75,0.60,0.65,3,0.01185771
0.75,0.80,0.60,0.65,1,0.00395257
0.80,0.85,0.60,0.65,1,0.00395257
0.85,0.90,0.60,0.65,0,0.00000000
0.90,0.95,0.60,0.65,0,0.00000000
0.95,1.00,0.60,0.65,0,0.00000000
0.00,0.05,0.65,0.70,0,0.00000000
0.05,0.10,0.65,0.70,0,0.00000000
0.10,0.15,0.65,0.70,0,0.00000000
0.15,0.20,0.65,0.70,0,0.00000000
0.20,0.25,0.65,0.70,1,0.00395257
0.25,0.30,0.65,0.70,0,0.00000000
0.30,0.35,0.65,0.70,1,0.00395257
0.35,0.40,0.65,0.70,3,0.01185771
0.40,0.45,0.65,0.70,3,0.01185771
0.45,0.50,0.65,0.70,8,0.03162055
0.50,0.55,0.65,0.70,9,0.03557312
0.55,0.60,0.65,0.70,2,0.00790514
0.60,0.65,0.65,0.70,5,0.01976285
0.65,0.70,0.65,0.70,1,0.00395257
0.70,0.75,0.65,0.70,0,0.00000000
0.75,0.80,0.65,0.70,0,0.00000000
0.80,0.85,0.65,0.70,0,0.00000000
0.85,0.90,0.65,0.70,1,0.00395257
0.90,0.95,0.65,0.70,0,0.00000000
0.95,1.00,0.65,0.70,0,0.00000000
0.00,0.05,0.70,0.75,1,0.00395257
0.05,0.10,0.70,0.75,1,0.00395257
0.10,0.15,0.70,0.75,0,0.00000000
0.15,0.20,0.70,0.75,0,0.00000000
0.20,0.25,0.70,0.75,1,0.00395257
0.25,0.30,0.70,0.75,0,0.00000000
0.30,0.35,0.70,0.75,1,0.00395257
0.35,0.40,0.70,0.75,0,0.00000000
0.40,0.45,0.70,0.75,1,0.00395257
0.45,0.50,0.70,0.75,4,0.01581028
0.50,0.55,0.70,0.75,8,0.03162055
0.55,0.60,0.70,0.75,5,0.01976285
0.60,0.65,0.70,0.75,0,0.00000000
0.65,0.70,0.70,0.75,0,0.00000000
0.70,0.75,0.70,0.75,0,0.00000000
0.75,0.80,0.70,0.75,1,0.00395257
0.80,0.85,0.70,0.75,0,0.00000000
0.85,0.90,0.70,0.75,0,0.00000000
0.90,0.95,0.70,0.75,1,0.00395257
0.95,1.00,0.70,0.75,0,0.00000000
0.00,0.05,0.75,0.80,0,0.00000000
0.05,0.10,0.75,0.80,0,0.00000000
0.10,0.15,0.75,0.80,0,0.00000000
0.15,0.20,0.75,0.80,0,0.00000000
0.20,0.25,0.75,0.80,1,0.00395257
0.25,0.30,0.75,0.80,0,0.00000000
0.30,0.35,0.75,0.80,1,0.00395257
0.35,0.40,0.75,0.80,1,0.00395257
0.40,0.45,0.75,0.80,3,0.01185771
0.45,0.50,0.75,0.80,1,0.00395257
0.50,0.55,0.75,0.80,5,0.01976285
0.55,0.60,0.75,0.80,1,0.00395257
0.60,0.65,0.75,0.80,1,0.00395257
0.65,0.70,0.75,0.80,2,0.00790514
0.70,0.75,0.75,0.80,0,0.00000000
0.75,0.80,0.75,0.80,1,0.00395257
0.80,0.85,0.75,0.80,0,0.00000000
0.85,0.90,0.75,0.80,0,0.00000000
0.90,0.95,0.75,0.80,0,0.00000000
0.95,1.00,0.75,0.80,0,0.00000000
0.00,0.05,0.80,0.85,0,0.00000000
0.05,0.10,0.80,0.85,0,0.00000000
0.10,0.15,0.80,0.85,0,0.00000000
0.15,0.20,0.80,0.85,0,0.00000000
0.20,0.25,0.80,0.85,0,0.00000000
0.25,0.30,0.80,0.85,0,0.00000000
0.30,0.35,0.80,0.85,0,0.00000000
0.35,0.40,0.80,0.85,0,0.00000000
0.40,0.45,0.80,0.85,0,0.00000000
0.45,0.50,0.80,0.85,1,0.00395257
0.50,0.55,0.80,0.85,2,0.00790514
0.55,0.60,0.80,0.85,0,0.00000000
0.60,0.65,0.80,0.85,0,0.00000000
0.65,0.70,0.80,0.85,0,0.00000000
0.70,0.75,0.80,0.85,0,0.00000000
0.75,0.80,0.80,0.85,1,0.00395257
0.80,0.85,0.80,0.85,0,0.00000000
0.85,0.90,0.80,0.85,0,0.00000000
0.90,0.95,0.80,0.85,0,0.00000000
0.95,1.00,0.80,0.85,0,0.00000000
0.00,0.05,0.85,0.90,0,0.00000000
0.05,0.10,0.85,0.90,0,0.00000000
0.10,0.15,0.85,0.90,0,0.00000000
0.15,0.20,0.85,0.90,0,0.00000000
0.20,0.25,0.85,0.90,0,0.00000000
0.25,0.30,0.85,0.90,0,0.00000000
0.30,0.35,0.85,0.90,1,0.00395257
0.35,0.40,0.85,0.90,1,0.00395257
0.40,0.45,0.85,0.90,0,0.00000000
0.45,0.50,0.85,0.90,0,0.00000000
0.50,0.55,0.85,0.90,1,0.00395257
0.55,0.60,0.85,0.90,0,0.00000000
0.60,0.65,0.85,0.90,0,0.00000000
0.65,0.70,0.85,0.90,0,0.00000000
0.70,0.75,0.85,0.90,0,0.00000000
0.75,0.80,0.85,0.90,0,0.00000000
0.80,0.85,0.85,0.90,0,0.00000000
0.85,0.90,0.85,0.90,1,0.00395257
0.90,0.95,0.85,0.90,0,0.00000000
0.95,1.00,0.85,0.90,0,0.00000000
0.00,0.05,0.90,0.95,0,0.00000000
0.05,0.10,0.90,0.95,0,0.00000000
0.10,0.15,0.90,0.95,0,0.00000000
0.15,0.20,0.90,0.95,0,0.00000000
0.20,0.25,0.90,0.95,0,0.00000000
0.25,0.30,0.90,0.95,0,0.00000000
0.30,0.35,0.90,0.95,0,0.00000000
0.35,0.40,0.90,0.95,0,0.00000000
0.40,0.45,0.90,0.95,0,0.00000000
0.45,0.50,0.90,0.95,0,0.00000000
0.50,0.55,0.90,0.95,0,0.00000000
0.55,0.60,0.90,0.95,0,0.00000000
0.60,0.65,0.90,0.95,0,0.00000000
0.65,0.70,0.90,0.95,0,0.00000000
0.70,0.75,0.90,0.95,0,0.00000000
0.75,0.80,0.90,0.95,0,0.00000000
0.80,0.85,0.90,0.95,0,0.00000000
0.85,0.90,0.90,0.95,0,0.00000000
0.90,0.95,0.90,0.95,0,0.00000000
0.95,1.00,0.90,0.95,0,0.00000000
0.00,0.05,0.95,1.00,0,0.00000000
0.05,0.10,0.95,1.00,0,0.00000000
0.10,0.15,0.95,1.00,0,0.00000000
0.15,0.20,0.95,1.00,0,0.00000000
0.20,0.25,0.95,1.00,0,0.00000000
0.25,0.30,0.95,1.00,0,0.00000000
0.30,0.35,0.95,1.00,0,0.00000000
0.35,0.40,0.95,1.00,0,0.00000000
0.40,0.45,0.95,1.00,0,0.00000000
0.45,0.50,0.95,1.00,0,0.00000000
0.50,0.55,0.95,1.00,1,0.00395257
0.55,0.60,0.95,1.00,0,0.00000000
0.60,0.65,0.95,1.00,0,0.00000000
0.65,0.70,0.95,1.00,0,0.00000000
0.70,0.75,0.95,1.00,0,0.00000000
0.75,0.80,0.95,1.00,0,0.00000000
0.80,0.85,0.95,1.00,1,0.00395257
0.85,0.90,0.95,1.00,0,0.00000000
0.90,0.95,0.95,1.00,0,0.00000000
0.95,1.00,0.95,1.00,1,0.00395257
