width,height,count,percentage
1920,1080,1397,35.519959
4000,2250,212,5.390287
1080,1439,182,4.627511
3024,4032,73,1.856089
1080,1440,70,1.779812
1280,1706,60,1.525553
1280,1280,39,0.991609
1280,960,33,0.839054
1080,810,29,0.737351
1279,1706,29,0.737351
4032,3024,29,0.737351
690,920,26,0.661073
960,1280,15,0.381388
600,800,13,0.330536
1440,1080,13,0.330536
690,518,12,0.305111
1706,1279,11,0.279685
1080,809,10,0.254259
1080,1080,10,0.254259
1080,1394,9,0.228833
1702,1276,9,0.228833
720,1280,8,0.203407
1080,608,8,0.203407
1080,1387,8,0.203407
750,1000,7,0.177981
1080,1391,7,0.177981
1279,1705,7,0.177981
768,1024,6,0.152555
850,478,6,0.152555
1072,1383,6,0.152555
1080,1392,6,0.152555
1080,1920,6,0.152555
3024,3024,6,0.152555
3456,4608,6,0.152555
4000,3000,6,0.152555
690,1227,5,0.127129
720,540,5,0.127129
887,1181,5,0.127129
1080,1389,5,0.127129
1080,1393,5,0.127129
1440,1013,5,0.127129
1440,1016,5,0.127129
1440,1022,5,0.127129
690,966,4,0.101704
960,1235,4,0.101704
1080,1386,4,0.101704
1080,1438,4,0.101704
1280,720,4,0.101704
1280,1707,4,0.101704
2000,2666,4,0.101704
2448,3264,4,0.101704
2736,3648,4,0.101704
2976,3968,4,0.101704
3000,4000,4,0.101704
3120,4160,4,0.101704
3968,2976,4,0.101704
500,666,3,0.076278
675,900,3,0.076278
690,690,3,0.076278
711,1280,3,0.076278
720,960,3,0.076278
786,1048,3,0.076278
802,1439,3,0.076278
886,1920,3,0.076278
960,1232,3,0.076278
960,1234,3,0.076278
960,1236,3,0.076278
1000,1333,3,0.076278
1080,1390,3,0.076278
1080,1396,3,0.076278
1080,1397,3,0.076278
1080,1874,3,0.076278
1368,1824,3,0.076278
1440,1024,3,0.076278
1705,1276,3,0.076278
3024,3890,3,0.076278
3024,3909,3,0.076278
3264,2448,3,0.076278
4032,2853,3,0.076278
4160,3120,3,0.076278
221,295,2,0.050852
375,500,2,0.050852
500,375,2,0.050852
500,667,2,0.050852
500,890,2,0.050852
550,412,2,0.050852
550,683,2,0.050852
550,733,2,0.050852
562,750,2,0.050852
600,799,2,0.050852
600,1067,2,0.050852
624,1296,2,0.050852
640,470,2,0.050852
640,480,2,0.050852
640,1138,2,0.050852
690,388,2,0.050852
706,1280,2,0.050852
713,1280,2,0.050852
799,562,2,0.050852
800,600,2,0.050852
810,1045,2,0.050852
828,616,2,0.050852
935,1246,2,0.050852
959,1280,2,0.050852
960,1188,2,0.050852
960,1238,2,0.050852
960,1239,2,0.050852
1024,768,2,0.050852
1074,1074,2,0.050852
1079,1869,2,0.050852
1080,607,2,0.050852
1080,735,2,0.050852
1080,1029,2,0.050852
1080,1323,2,0.050852
1080,1331,2,0.050852
1080,1381,2,0.050852
1080,1382,2,0.050852
1080,1383,2,0.050852
1080,1395,2,0.050852
1080,1869,2,0.050852
1080,1871,2,0.050852
1080,2353,2,0.050852
1179,1836,2,0.050852
1200,1600,2,0.050852
1224,1632,2,0.050852
1280,1920,2,0.050852
1439,1017,2,0.050852
1440,1014,2,0.050852
1440,1015,2,0.050852
1440,1018,2,0.050852
1440,1028,2,0.050852
1600,1200,2,0.050852
1655,2560,2,0.050852
1920,999,2,0.050852
2000,2667,2,0.050852
2736,3527,2,0.050852
3000,3865,2,0.050852
3000,3874,2,0.050852
3023,3885,2,0.050852
3023,3892,2,0.050852
3023,3959,2,0.050852
3024,2788,2,0.050852
3024,3776,2,0.050852
3024,3808,2,0.050852
3024,3868,2,0.050852
3024,3887,2,0.050852
3024,3888,2,0.050852
3024,3892,2,0.050852
3024,3898,2,0.050852
3024,3906,2,0.050852
3072,4096,2,0.050852
3264,1836,2,0.050852
4031,2853,2,0.050852
4032,2748,2,0.050852
4096,2820,2,0.050852
229,220,1,0.025426
296,400,1,0.025426
298,381,1,0.025426
300,222,1,0.025426
300,300,1,0.025426
369,849,1,0.025426
370,777,1,0.025426
370,800,1,0.025426
376,250,1,0.025426
380,285,1,0.025426
384,512,1,0.025426
387,252,1,0.025426
388,518,1,0.025426
400,265,1,0.025426
400,300,1,0.025426
400,533,1,0.025426
414,465,1,0.025426
417,627,1,0.025426
435,412,1,0.025426
436,538,1,0.025426
437,1082,1,0.025426
440,463,1,0.025426
440,525,1,0.025426
440,536,1,0.025426
440,562,1,0.025426
444,664,1,0.025426
447,775,1,0.025426
448,597,1,0.025426
449,385,1,0.025426
450,300,1,0.025426
450,415,1,0.025426
450,599,1,0.025426
450,600,1,0.025426
452,825,1,0.025426
465,597,1,0.025426
466,344,1,0.025426
470,851,1,0.025426
471,673,1,0.025426
474,355,1,0.025426
474,474,1,0.025426
477,587,1,0.025426
478,548,1,0.025426
478,858,1,0.025426
479,588,1,0.025426
480,581,1,0.025426
480,585,1,0.025426
480,640,1,0.025426
480,960,1,0.025426
483,539,1,0.025426
484,600,1,0.025426
488,764,1,0.025426
490,366,1,0.025426
495,853,1,0.025426
497,647,1,0.025426
499,886,1,0.025426
500,285,1,0.025426
500,340,1,0.025426
500,347,1,0.025426
500,351,1,0.025426
500,612,1,0.025426
500,616,1,0.025426
500,672,1,0.025426
500,889,1,0.025426
506,851,1,0.025426
506,863,1,0.025426
512,341,1,0.025426
514,931,1,0.025426
517,793,1,0.025426
522,1024,1,0.025426
525,347,1,0.025426
526,537,1,0.025426
530,296,1,0.025426
532,858,1,0.025426
539,900,1,0.025426
539,904,1,0.025426
540,258,1,0.025426
540,960,1,0.025426
543,345,1,0.025426
544,964,1,0.025426
546,908,1,0.025426
548,801,1,0.025426
549,1227,1,0.025426
550,360,1,0.025426
550,681,1,0.025426
554,299,1,0.025426
554,554,1,0.025426
554,614,1,0.025426
560,692,1,0.025426
561,1020,1,0.025426
566,441,1,0.025426
574,889,1,0.025426
576,960,1,0.025426
576,961,1,0.025426
581,755,1,0.025426
592,779,1,0.025426
592,1054,1,0.025426
592,1056,1,0.025426
593,564,1,0.025426
597,730,1,0.025426
598,614,1,0.025426
598,766,1,0.025426
599,773,1,0.025426
600,366,1,0.025426
600,381,1,0.025426
600,400,1,0.025426
600,450,1,0.025426
600,588,1,0.025426
600,703,1,0.025426
600,756,1,0.025426
600,1066,1,0.025426
601,651,1,0.025426
602,902,1,0.025426
604,898,1,0.025426
607,729,1,0.025426
609,380,1,0.025426
609,566,1,0.025426
609,1198,1,0.025426
611,729,1,0.025426
617,638,1,0.025426
620,429,1,0.025426
620,620,1,0.025426
620,826,1,0.025426
622,1439,1,0.025426
628,948,1,0.025426
635,501,1,0.025426
636,799,1,0.025426
637,422,1,0.025426
637,789,1,0.025426
638,454,1,0.025426
638,638,1,0.025426
639,1050,1,0.025426
640,306,1,0.025426
640,343,1,0.025426
640,353,1,0.025426
640,355,1,0.025426
640,360,1,0.025426
640,368,1,0.025426
640,392,1,0.025426
640,406,1,0.025426
640,424,1,0.025426
640,450,1,0.025426
640,468,1,0.025426
640,471,1,0.025426
640,478,1,0.025426
640,519,1,0.025426
640,783,1,0.025426
640,785,1,0.025426
640,787,1,0.025426
640,790,1,0.025426
640,791,1,0.025426
640,802,1,0.025426
640,803,1,0.025426
640,817,1,0.025426
640,853,1,0.025426
640,885,1,0.025426
640,1137,1,0.025426
640,1211,1,0.025426
641,438,1,0.025426
643,944,1,0.025426
644,921,1,0.025426
644,1440,1,0.025426
645,1160,1,0.025426
646,1100,1,0.025426
650,867,1,0.025426
650,1439,1,0.025426
653,871,1,0.025426
653,1439,1,0.025426
654,1439,1,0.025426
656,874,1,0.025426
657,1179,1,0.025426
659,1004,1,0.025426
660,882,1,0.025426
661,1027,1,0.025426
663,1203,1,0.025426
667,500,1,0.025426
672,336,1,0.025426
673,1165,1,0.025426
675,600,1,0.025426
676,900,1,0.025426
678,874,1,0.025426
678,950,1,0.025426
681,477,1,0.025426
681,1050,1,0.025426
682,1188,1,0.025426
683,1181,1,0.025426
684,643,1,0.025426
685,922,1,0.025426
685,956,1,0.025426
687,751,1,0.025426
688,942,1,0.025426
689,813,1,0.025426
690,418,1,0.025426
690,457,1,0.025426
690,474,1,0.025426
690,484,1,0.025426
690,516,1,0.025426
690,517,1,0.025426
690,586,1,0.025426
690,684,1,0.025426
690,689,1,0.025426
690,874,1,0.025426
690,922,1,0.025426
690,983,1,0.025426
690,1014,1,0.025426
690,1086,1,0.025426
690,1196,1,0.025426
691,921,1,0.025426
692,1016,1,0.025426
694,476,1,0.025426
700,469,1,0.025426
700,933,1,0.025426
700,934,1,0.025426
702,1280,1,0.025426
707,761,1,0.025426
707,1184,1,0.025426
709,1278,1,0.025426
710,1280,1,0.025426
711,1009,1,0.025426
711,1039,1,0.025426
712,1280,1,0.025426
714,1280,1,0.025426
715,1280,1,0.025426
716,1280,1,0.025426
718,930,1,0.025426
718,986,1,0.025426
719,754,1,0.025426
719,755,1,0.025426
719,895,1,0.025426
719,1228,1,0.025426
719,1243,1,0.025426
720,370,1,0.025426
720,405,1,0.025426
720,497,1,0.025426
720,691,1,0.025426
720,846,1,0.025426
720,888,1,0.025426
720,905,1,0.025426
720,912,1,0.025426
720,959,1,0.025426
720,1105,1,0.025426
720,1230,1,0.025426
720,1233,1,0.025426
720,1246,1,0.025426
720,1249,1,0.025426
723,387,1,0.025426
725,1112,1,0.025426
728,1216,1,0.025426
729,790,1,0.025426
730,1624,1,0.025426
734,1431,1,0.025426
737,907,1,0.025426
740,555,1,0.025426
740,1339,1,0.025426
743,926,1,0.025426
744,992,1,0.025426
746,750,1,0.025426
750,379,1,0.025426
750,390,1,0.025426
750,521,1,0.025426
750,524,1,0.025426
750,562,1,0.025426
750,674,1,0.025426
750,754,1,0.025426
750,881,1,0.025426
750,919,1,0.025426
750,968,1,0.025426
750,987,1,0.025426
755,450,1,0.025426
773,864,1,0.025426
780,1040,1,0.025426
785,707,1,0.025426
785,999,1,0.025426
788,1006,1,0.025426
788,1051,1,0.025426
792,1055,1,0.025426
793,522,1,0.025426
793,1439,1,0.025426
796,466,1,0.025426
797,796,1,0.025426
797,849,1,0.025426
799,516,1,0.025426
799,529,1,0.025426
799,1031,1,0.025426
799,1059,1,0.025426
800,325,1,0.025426
800,355,1,0.025426
800,415,1,0.025426
800,446,1,0.025426
800,934,1,0.025426
800,1065,1,0.025426
800,1439,1,0.025426
800,1440,1,0.025426
804,936,1,0.025426
804,1034,1,0.025426
806,1440,1,0.025426
807,1079,1,0.025426
807,1439,1,0.025426
808,808,1,0.025426
809,527,1,0.025426
809,1035,1,0.025426
810,769,1,0.025426
810,994,1,0.025426
810,1037,1,0.025426
810,1040,1,0.025426
810,1080,1,0.025426
810,1179,1,0.025426
810,1440,1,0.025426
811,686,1,0.025426
817,1416,1,0.025426
818,654,1,0.025426
818,1080,1,0.025426
819,1440,1,0.025426
820,452,1,0.025426
820,1015,1,0.025426
820,1089,1,0.025426
821,1172,1,0.025426
827,743,1,0.025426
827,769,1,0.025426
827,790,1,0.025426
827,814,1,0.025426
827,1054,1,0.025426
827,1197,1,0.025426
827,1436,1,0.025426
828,600,1,0.025426
828,828,1,0.025426
828,877,1,0.025426
828,1084,1,0.025426
828,1086,1,0.025426
828,1206,1,0.025426
828,1355,1,0.025426
828,1378,1,0.025426
828,1391,1,0.025426
828,1420,1,0.025426
828,1442,1,0.025426
828,1452,1,0.025426
828,1454,1,0.025426
841,877,1,0.025426
843,1460,1,0.025426
845,350,1,0.025426
846,1115,1,0.025426
849,1052,1,0.025426
850,566,1,0.025426
851,848,1,0.025426
851,1132,1,0.025426
851,1209,1,0.025426
853,1139,1,0.025426
854,480,1,0.025426
856,1824,1,0.025426
857,810,1,0.025426
857,1562,1,0.025426
862,773,1,0.025426
864,1838,1,0.025426
864,1884,1,0.025426
864,1920,1,0.025426
866,690,1,0.025426
867,1009,1,0.025426
868,1000,1,0.025426
869,1056,1,0.025426
871,849,1,0.025426
873,1106,1,0.025426
873,1164,1,0.025426
873,1871,1,0.025426
873,1920,1,0.025426
877,1156,1,0.025426
879,858,1,0.025426
880,1852,1,0.025426
882,1008,1,0.025426
885,1859,1,0.025426
886,1530,1,0.025426
887,1845,1,0.025426
887,1866,1,0.025426
887,1874,1,0.025426
887,1878,1,0.025426
887,1879,1,0.025426
887,1881,1,0.025426
888,779,1,0.025426
889,429,1,0.025426
889,1278,1,0.025426
890,1093,1,0.025426
890,1853,1,0.025426
891,1187,1,0.025426
893,1585,1,0.025426
893,1648,1,0.025426
894,1494,1,0.025426
896,1105,1,0.025426
896,1869,1,0.025426
897,1102,1,0.025426
897,1128,1,0.025426
897,1157,1,0.025426
898,1112,1,0.025426
899,772,1,0.025426
899,1031,1,0.025426
899,1499,1,0.025426
899,1500,1,0.025426
900,558,1,0.025426
900,600,1,0.025426
900,708,1,0.025426
900,1198,1,0.025426
900,1294,1,0.025426
902,1139,1,0.025426
902,1565,1,0.025426
903,1335,1,0.025426
903,1511,1,0.025426
903,1592,1,0.025426
904,1046,1,0.025426
904,1188,1,0.025426
907,1013,1,0.025426
908,1307,1,0.025426
909,1212,1,0.025426
911,1034,1,0.025426
913,1202,1,0.025426
916,1350,1,0.025426
918,1293,1,0.025426
918,1300,1,0.025426
919,1225,1,0.025426
920,1187,1,0.025426
922,1119,1,0.025426
922,1283,1,0.025426
922,1878,1,0.025426
925,1306,1,0.025426
925,1500,1,0.025426
926,1236,1,0.025426
927,1308,1,0.025426
928,1612,1,0.025426
929,1246,1,0.025426
930,750,1,0.025426
931,1358,1,0.025426
932,1616,1,0.025426
934,750,1,0.025426
934,1233,1,0.025426
935,1113,1,0.025426
938,1164,1,0.025426
939,1207,1,0.025426
940,1586,1,0.025426
941,812,1,0.025426
941,940,1,0.025426
941,1391,1,0.025426
943,1631,1,0.025426
944,736,1,0.025426
944,1075,1,0.025426
946,710,1,0.025426
946,1066,1,0.025426
946,1320,1,0.025426
946,1578,1,0.025426
946,1590,1,0.025426
946,1592,1,0.025426
948,1162,1,0.025426
950,1684,1,0.025426
951,1168,1,0.025426
953,1227,1,0.025426
953,1298,1,0.025426
954,1650,1,0.025426
956,1307,1,0.025426
959,474,1,0.025426
959,643,1,0.025426
959,976,1,0.025426
959,1129,1,0.025426
959,1191,1,0.025426
959,1193,1,0.025426
959,1200,1,0.025426
959,1233,1,0.025426
959,1237,1,0.025426
959,1241,1,0.025426
960,628,1,0.025426
960,869,1,0.025426
960,870,1,0.025426
960,926,1,0.025426
960,960,1,0.025426
960,1142,1,0.025426
960,1174,1,0.025426
960,1182,1,0.025426
960,1186,1,0.025426
960,1190,1,0.025426
960,1191,1,0.025426
960,1192,1,0.025426
960,1194,1,0.025426
960,1222,1,0.025426
960,1225,1,0.025426
960,1226,1,0.025426
960,1227,1,0.025426
960,1229,1,0.025426
960,1240,1,0.025426
960,1241,1,0.025426
960,1282,1,0.025426
960,1442,1,0.025426
960,1482,1,0.025426
960,1606,1,0.025426
961,750,1,0.025426
961,1219,1,0.025426
961,1875,1,0.025426
962,1221,1,0.025426
962,1258,1,0.025426
962,1339,1,0.025426
962,1402,1,0.025426
964,1280,1,0.025426
966,668,1,0.025426
966,901,1,0.025426
966,1670,1,0.025426
967,1307,1,0.025426
968,959,1,0.025426
968,1449,1,0.025426
970,1250,1,0.025426
970,1274,1,0.025426
970,1439,1,0.025426
971,668,1,0.025426
972,1196,1,0.025426
972,1290,1,0.025426
972,1305,1,0.025426
974,1080,1,0.025426
974,1264,1,0.025426
976,1301,1,0.025426
978,1154,1,0.025426
978,1245,1,0.025426
980,551,1,0.025426
981,806,1,0.025426
983,1290,1,0.025426
985,939,1,0.025426
985,1171,1,0.025426
986,1227,1,0.025426
986,1270,1,0.025426
987,1300,1,0.025426
988,1297,1,0.025426
990,1272,1,0.025426
990,1435,1,0.025426
992,1150,1,0.025426
993,745,1,0.025426
993,1719,1,0.025426
993,1728,1,0.025426
995,1067,1,0.025426
996,1310,1,0.025426
996,1312,1,0.025426
1000,657,1,0.025426
1000,834,1,0.025426
1000,1099,1,0.025426
1000,1188,1,0.025426
1003,649,1,0.025426
1004,1735,1,0.025426
1005,1306,1,0.025426
1007,1212,1,0.025426
1011,1307,1,0.025426
1013,1077,1,0.025426
1013,1309,1,0.025426
1013,1394,1,0.025426
1015,1313,1,0.025426
1017,1313,1,0.025426
1018,1080,1,0.025426
1020,973,1,0.025426
1021,802,1,0.025426
1023,1439,1,0.025426
1024,613,1,0.025426
1024,665,1,0.025426
1024,832,1,0.025426
1024,1319,1,0.025426
1024,1364,1,0.025426
1032,988,1,0.025426
1032,1376,1,0.025426
1033,1377,1,0.025426
1033,1836,1,0.025426
1036,1381,1,0.025426
1038,1331,1,0.025426
1050,1460,1,0.025426
1052,1403,1,0.025426
1056,682,1,0.025426
1056,879,1,0.025426
1058,1165,1,0.025426
1060,1194,1,0.025426
1060,1428,1,0.025426
1062,1023,1,0.025426
1064,1205,1,0.025426
1065,1851,1,0.025426
1067,752,1,0.025426
1067,1400,1,0.025426
1069,1145,1,0.025426
1069,1424,1,0.025426
1071,775,1,0.025426
1071,1013,1,0.025426
1072,1322,1,0.025426
1072,1378,1,0.025426
1073,972,1,0.025426
1073,1205,1,0.025426
1073,1719,1,0.025426
1073,1863,1,0.025426
1074,1384,1,0.025426
1074,1386,1,0.025426
1077,1824,1,0.025426
1077,1850,1,0.025426
1078,1437,1,0.025426
1079,471,1,0.025426
1079,621,1,0.025426
1079,647,1,0.025426
1079,677,1,0.025426
1079,934,1,0.025426
1079,1031,1,0.025426
1079,1082,1,0.025426
1079,1242,1,0.025426
1079,1390,1,0.025426
1079,1394,1,0.025426
1079,1395,1,0.025426
1079,1546,1,0.025426
1079,1862,1,0.025426
1079,1866,1,0.025426
1079,1871,1,0.025426
1079,1872,1,0.025426
1079,1873,1,0.025426
1079,2278,1,0.025426
1079,2346,1,0.025426
1079,2348,1,0.025426
1080,477,1,0.025426
1080,484,1,0.025426
1080,492,1,0.025426
1080,495,1,0.025426
1080,540,1,0.025426
1080,588,1,0.025426
1080,659,1,0.025426
1080,675,1,0.025426
1080,727,1,0.025426
1080,734,1,0.025426
1080,740,1,0.025426
1080,761,1,0.025426
1080,791,1,0.025426
1080,878,1,0.025426
1080,897,1,0.025426
1080,1023,1,0.025426
1080,1032,1,0.025426
1080,1033,1,0.025426
1080,1034,1,0.025426
1080,1036,1,0.025426
1080,1037,1,0.025426
1080,1054,1,0.025426
1080,1078,1,0.025426
1080,1094,1,0.025426
1080,1096,1,0.025426
1080,1105,1,0.025426
1080,1108,1,0.025426
1080,1121,1,0.025426
1080,1125,1,0.025426
1080,1134,1,0.025426
1080,1209,1,0.025426
1080,1238,1,0.025426
1080,1285,1,0.025426
1080,1288,1,0.025426
1080,1290,1,0.025426
1080,1293,1,0.025426
1080,1294,1,0.025426
1080,1297,1,0.025426
1080,1298,1,0.025426
1080,1325,1,0.025426
1080,1329,1,0.025426
1080,1333,1,0.025426
1080,1334,1,0.025426
1080,1340,1,0.025426
1080,1346,1,0.025426
1080,1348,1,0.025426
1080,1357,1,0.025426
1080,1368,1,0.025426
1080,1370,1,0.025426
1080,1374,1,0.025426
1080,1375,1,0.025426
1080,1384,1,0.025426
1080,1388,1,0.025426
1080,1399,1,0.025426
1080,1402,1,0.025426
1080,1423,1,0.025426
1080,1432,1,0.025426
1080,1435,1,0.025426
1080,1441,1,0.025426
1080,1448,1,0.025426
1080,1622,1,0.025426
1080,1662,1,0.025426
1080,1680,1,0.025426
1080,1715,1,0.025426
1080,1754,1,0.025426
1080,1819,1,0.025426
1080,1840,1,0.025426
1080,1846,1,0.025426
1080,1863,1,0.025426
1080,1867,1,0.025426
1080,1870,1,0.025426
1080,1872,1,0.025426
1080,1873,1,0.025426
1080,1877,1,0.025426
1080,1878,1,0.025426
1080,1899,1,0.025426
1080,2230,1,0.025426
1080,2291,1,0.025426
1080,2356,1,0.025426
1082,1065,1,0.025426
1086,500,1,0.025426
1102,1268,1,0.025426
1104,804,1,0.025426
1106,1226,1,0.025426
1107,610,1,0.025426
1110,994,1,0.025426
1117,1673,1,0.025426
1119,1436,1,0.025426
1120,1494,1,0.025426
1125,796,1,0.025426
1125,1446,1,0.025426
1125,2219,1,0.025426
1136,852,1,0.025426
1147,739,1,0.025426
1152,1536,1,0.025426
1156,720,1,0.025426
1156,1080,1,0.025426
1169,992,1,0.025426
1170,1221,1,0.025426
1170,1894,1,0.025426
1170,1906,1,0.025426
1179,898,1,0.025426
1179,980,1,0.025426
1179,1320,1,0.025426
1179,1575,1,0.025426
1179,1634,1,0.025426
1179,1653,1,0.025426
1179,1661,1,0.025426
1179,1770,1,0.025426
1179,1777,1,0.025426
1179,1816,1,0.025426
1179,1847,1,0.025426
1179,2556,1,0.025426
1182,591,1,0.025426
1189,1311,1,0.025426
1192,1184,1,0.025426
1192,1192,1,0.025426
1196,1196,1,0.025426
1196,1226,1,0.025426
1200,900,1,0.025426
1200,971,1,0.025426
1200,1464,1,0.025426
1200,1470,1,0.025426
1200,1476,1,0.025426
1200,1480,1,0.025426
1200,1483,1,0.025426
1200,1518,1,0.025426
1202,941,1,0.025426
1203,970,1,0.025426
1206,1080,1,0.025426
1209,1060,1,0.025426
1215,1227,1,0.025426
1217,1079,1,0.025426
1223,1630,1,0.025426
1224,811,1,0.025426
1228,645,1,0.025426
1234,532,1,0.025426
1234,1176,1,0.025426
1237,2039,1,0.025426
1241,991,1,0.025426
1242,1608,1,0.025426
1242,1642,1,0.025426
1242,1652,1,0.025426
1242,1656,1,0.025426
1243,932,1,0.025426
1250,1261,1,0.025426
1259,1047,1,0.025426
1259,1119,1,0.025426
1264,337,1,0.025426
1268,1134,1,0.025426
1271,815,1,0.025426
1272,899,1,0.025426
1274,901,1,0.025426
1275,990,1,0.025426
1276,840,1,0.025426
1276,1700,1,0.025426
1276,1701,1,0.025426
1277,1706,1,0.025426
1278,720,1,0.025426
1278,1522,1,0.025426
1279,1571,1,0.025426
1280,636,1,0.025426
1280,699,1,0.025426
1280,821,1,0.025426
1280,905,1,0.025426
1280,908,1,0.025426
1280,909,1,0.025426
1280,958,1,0.025426
1280,1303,1,0.025426
1280,1399,1,0.025426
1280,1420,1,0.025426
1280,1535,1,0.025426
1280,1600,1,0.025426
1280,1705,1,0.025426
1295,1339,1,0.025426
1300,501,1,0.025426
1301,1045,1,0.025426
1305,1310,1,0.025426
1306,885,1,0.025426
1310,933,1,0.025426
1311,1316,1,0.025426
1331,1176,1,0.025426
1333,761,1,0.025426
1333,909,1,0.025426
1334,1001,1,0.025426
1358,827,1,0.025426
1359,1188,1,0.025426
1367,1292,1,0.025426
1371,1166,1,0.025426
1372,1044,1,0.025426
1373,1222,1,0.025426
1376,933,1,0.025426
1383,904,1,0.025426
1384,874,1,0.025426
1390,1175,1,0.025426
1397,1170,1,0.025426
1398,1242,1,0.025426
1404,1073,1,0.025426
1407,1234,1,0.025426
1414,790,1,0.025426
1418,811,1,0.025426
1428,1266,1,0.025426
1429,941,1,0.025426
1430,752,1,0.025426
1434,766,1,0.025426
1434,777,1,0.025426
1434,1003,1,0.025426
1434,1020,1,0.025426
1435,1017,1,0.025426
1439,1020,1,0.025426
1439,1070,1,0.025426
1440,834,1,0.025426
1440,944,1,0.025426
1440,947,1,0.025426
1440,995,1,0.025426
1440,999,1,0.025426
1440,1003,1,0.025426
1440,1009,1,0.025426
1440,1010,1,0.025426
1440,1012,1,0.025426
1440,1020,1,0.025426
1440,1021,1,0.025426
1440,1023,1,0.025426
1440,1026,1,0.025426
1440,1027,1,0.025426
1440,1066,1,0.025426
1440,1920,1,0.025426
1443,1080,1,0.025426
1444,780,1,0.025426
1446,1080,1,0.025426
1446,1704,1,0.025426
1448,1128,1,0.025426
1453,962,1,0.025426
1454,1099,1,0.025426
1454,1208,1,0.025426
1455,752,1,0.025426
1460,1179,1,0.025426
1466,825,1,0.025426
1469,1146,1,0.025426
1472,765,1,0.025426
1477,1204,1,0.025426
1483,995,1,0.025426
1488,800,1,0.025426
1491,1160,1,0.025426
1496,814,1,0.025426
1500,1053,1,0.025426
1500,1919,1,0.025426
1500,1924,1,0.025426
1501,1021,1,0.025426
1504,1128,1,0.025426
1505,1133,1,0.025426
1507,1309,1,0.025426
1515,1202,1,0.025426
1518,699,1,0.025426
1518,1091,1,0.025426
1519,2741,1,0.025426
1521,1164,1,0.025426
1524,710,1,0.025426
1524,1080,1,0.025426
1526,1041,1,0.025426
1526,1891,1,0.025426
1531,1012,1,0.025426
1531,1254,1,0.025426
1536,864,1,0.025426
1536,1152,1,0.025426
1536,1463,1,0.025426
1536,1973,1,0.025426
1536,1994,1,0.025426
1536,2048,1,0.025426
1547,1207,1,0.025426
1551,1129,1,0.025426
1552,1238,1,0.025426
1564,1175,1,0.025426
1572,1128,1,0.025426
1578,2666,1,0.025426
1584,652,1,0.025426
1587,1122,1,0.025426
1593,1335,1,0.025426
1594,1011,1,0.025426
1596,886,1,0.025426
1599,1154,1,0.025426
1600,735,1,0.025426
1600,1470,1,0.025426
1604,1243,1,0.025426
1614,576,1,0.025426
1614,1218,1,0.025426
1619,917,1,0.025426
1619,1001,1,0.025426
1620,760,1,0.025426
1634,785,1,0.025426
1634,2983,1,0.025426
1647,1206,1,0.025426
1651,2123,1,0.025426
1661,1247,1,0.025426
1668,1073,1,0.025426
1670,997,1,0.025426
1674,1010,1,0.025426
1678,944,1,0.025426
1680,2418,1,0.025426
1680,3574,1,0.025426
1688,980,1,0.025426
1691,1197,1,0.025426
1695,1089,1,0.025426
1706,1280,1,0.025426
1707,1280,1,0.025426
1710,936,1,0.025426
1712,1213,1,0.025426
1714,1294,1,0.025426
1718,1147,1,0.025426
1719,841,1,0.025426
1728,1947,1,0.025426
1729,1120,1,0.025426
1747,1267,1,0.025426
1752,1274,1,0.025426
1772,1315,1,0.025426
1777,895,1,0.025426
1779,1296,1,0.025426
1785,882,1,0.025426
1786,1170,1,0.025426
1790,1142,1,0.025426
1795,1145,1,0.025426
1797,1132,1,0.025426
1799,1054,1,0.025426
1800,1716,1,0.025426
1805,1049,1,0.025426
1810,1080,1,0.025426
1813,1170,1,0.025426
1817,1139,1,0.025426
1829,1023,1,0.025426
1830,989,1,0.025426
1837,1333,1,0.025426
1842,1272,1,0.025426
1845,1297,1,0.025426
1882,963,1,0.025426
1882,2923,1,0.025426
1898,1019,1,0.025426
1909,1171,1,0.025426
1910,2252,1,0.025426
1919,1137,1,0.025426
1920,793,1,0.025426
1920,868,1,0.025426
1920,993,1,0.025426
1920,998,1,0.025426
1920,1002,1,0.025426
1920,2301,1,0.025426
1920,2560,1,0.025426
1929,2620,1,0.025426
1931,979,1,0.025426
1950,1218,1,0.025426
1969,1230,1,0.025426
1974,1065,1,0.025426
1984,2976,1,0.025426
1984,3874,1,0.025426
1988,1304,1,0.025426
1994,1994,1,0.025426
2000,1042,1,0.025426
2000,1334,1,0.025426
2000,1500,1,0.025426
2000,2580,1,0.025426
2000,2584,1,0.025426
2000,2865,1,0.025426
2000,3031,1,0.025426
2000,3467,1,0.025426
2011,1269,1,0.025426
2016,1657,1,0.025426
2048,1152,1,0.025426
2048,1389,1,0.025426
2048,1536,1,0.025426
2099,2418,1,0.025426
2103,3696,1,0.025426
2160,2752,1,0.025426
2160,2775,1,0.025426
2160,2788,1,0.025426
2161,2241,1,0.025426
2248,3860,1,0.025426
2250,2229,1,0.025426
2250,3000,1,0.025426
2250,3826,1,0.025426
2256,3892,1,0.025426
2257,977,1,0.025426
2264,3716,1,0.025426
2268,3840,1,0.025426
2268,3856,1,0.025426
2276,1280,1,0.025426
2299,2048,1,0.025426
2329,1348,1,0.025426
2332,1291,1,0.025426
2340,4029,1,0.025426
2347,3042,1,0.025426
2363,1080,1,0.025426
2367,3156,1,0.025426
2400,1618,1,0.025426
2431,3135,1,0.025426
2431,3159,1,0.025426
2446,3782,1,0.025426
2448,2361,1,0.025426
2448,3076,1,0.025426
2452,2486,1,0.025426
2479,3305,1,0.025426
2510,1356,1,0.025426
2510,1364,1,0.025426
2527,3555,1,0.025426
2560,1655,1,0.025426
2579,3293,1,0.025426
2592,4608,1,0.025426
2601,3532,1,0.025426
2612,3672,1,0.025426
2613,3447,1,0.025426
2625,3501,1,0.025426
2629,3507,1,0.025426
2648,3332,1,0.025426
2658,3431,1,0.025426
2676,3979,1,0.025426
2703,3559,1,0.025426
2717,3465,1,0.025426
2724,3482,1,0.025426
2735,2084,1,0.025426
2735,3530,1,0.025426
2736,1963,1,0.025426
2736,2510,1,0.025426
2736,3328,1,0.025426
2736,3424,1,0.025426
2736,3436,1,0.025426
2736,3460,1,0.025426
2736,3478,1,0.025426
2736,3496,1,0.025426
2736,3510,1,0.025426
2736,3521,1,0.025426
2759,3689,1,0.025426
2794,3800,1,0.025426
2808,2685,1,0.025426
2808,4032,1,0.025426
2847,3880,1,0.025426
2852,3734,1,0.025426
2864,3576,1,0.025426
2879,2187,1,0.025426
2880,3718,1,0.025426
2888,1760,1,0.025426
2923,1816,1,0.025426
2936,3815,1,0.025426
2973,3120,1,0.025426
2975,4032,1,0.025426
2976,3748,1,0.025426
2976,3795,1,0.025426
2976,3801,1,0.025426
2976,3818,1,0.025426
2976,3830,1,0.025426
2976,3841,1,0.025426
2976,3844,1,0.025426
2976,3852,1,0.025426
2999,3863,1,0.025426
2999,3889,1,0.025426
2999,3998,1,0.025426
3000,1428,1,0.025426
3000,1580,1,0.025426
3000,2866,1,0.025426
3000,2867,1,0.025426
3000,3756,1,0.025426
3000,3772,1,0.025426
3000,3792,1,0.025426
3000,3834,1,0.025426
3000,3837,1,0.025426
3000,3847,1,0.025426
3000,3861,1,0.025426
3000,3876,1,0.025426
3000,3879,1,0.025426
3003,3836,1,0.025426
3004,3861,1,0.025426
3004,3866,1,0.025426
3004,3884,1,0.025426
3004,3908,1,0.025426
3004,3957,1,0.025426
3004,3963,1,0.025426
3004,3968,1,0.025426
3004,3970,1,0.025426
3004,3987,1,0.025426
3004,3993,1,0.025426
3008,3871,1,0.025426
3008,3939,1,0.025426
3017,3883,1,0.025426
3023,2859,1,0.025426
3023,2879,1,0.025426
3023,3046,1,0.025426
3023,3231,1,0.025426
3023,3856,1,0.025426
3023,3862,1,0.025426
3023,3879,1,0.025426
3023,3886,1,0.025426
3023,3893,1,0.025426
3023,3898,1,0.025426
3023,3899,1,0.025426
3023,3947,1,0.025426
3023,3978,1,0.025426
3023,3984,1,0.025426
3023,3995,1,0.025426
3023,4001,1,0.025426
3023,5158,1,0.025426
3024,2660,1,0.025426
3024,2859,1,0.025426
3024,2893,1,0.025426
3024,2896,1,0.025426
3024,3156,1,0.025426
3024,3624,1,0.025426
3024,3672,1,0.025426
3024,3692,1,0.025426
3024,3732,1,0.025426
3024,3744,1,0.025426
3024,3748,1,0.025426
3024,3752,1,0.025426
3024,3772,1,0.025426
3024,3784,1,0.025426
3024,3788,1,0.025426
3024,3796,1,0.025426
3024,3806,1,0.025426
3024,3810,1,0.025426
3024,3816,1,0.025426
3024,3820,1,0.025426
3024,3824,1,0.025426
3024,3836,1,0.025426
3024,3848,1,0.025426
3024,3849,1,0.025426
3024,3863,1,0.025426
3024,3870,1,0.025426
3024,3874,1,0.025426
3024,3879,1,0.025426
3024,3880,1,0.025426
3024,3883,1,0.025426
3024,3884,1,0.025426
3024,3900,1,0.025426
3024,3904,1,0.025426
3024,3912,1,0.025426
3024,3924,1,0.025426
3060,3951,1,0.025426
3071,3935,1,0.025426
3072,3800,1,0.025426
3072,3816,1,0.025426
3072,3844,1,0.025426
3072,3850,1,0.025426
3072,3896,1,0.025426
3072,3912,1,0.025426
3072,3933,1,0.025426
3072,3940,1,0.025426
3072,3941,1,0.025426
3072,3960,1,0.025426
3072,3969,1,0.025426
3098,1798,1,0.025426
3120,3816,1,0.025426
3120,3908,1,0.025426
3120,4015,1,0.025426
3120,4028,1,0.025426
3130,1942,1,0.025426
3163,3980,1,0.025426
3164,2860,1,0.025426
3235,3120,1,0.025426
3264,1840,1,0.025426
3264,2352,1,0.025426
3324,1153,1,0.025426
3329,4435,1,0.025426
3351,3024,1,0.025426
3456,3044,1,0.025426
3456,3224,1,0.025426
3456,3294,1,0.025426
3456,3792,1,0.025426
3456,4276,1,0.025426
3456,4336,1,0.025426
3456,4370,1,0.025426
3456,4427,1,0.025426
3456,4450,1,0.025426
3456,4456,1,0.025426
3456,4464,1,0.025426
3468,4332,1,0.025426
3520,2204,1,0.025426
3648,2544,1,0.025426
3648,2562,1,0.025426
3648,2582,1,0.025426
3840,2420,1,0.025426
3904,2928,1,0.025426
3941,2845,1,0.025426
3964,6404,1,0.025426
3968,2700,1,0.025426
3968,2800,1,0.025426
3968,2804,1,0.025426
3975,5819,1,0.025426
3996,2821,1,0.025426
3996,2828,1,0.025426
3996,2829,1,0.025426
3996,2844,1,0.025426
3996,2910,1,0.025426
4000,1637,1,0.025426
4000,2696,1,0.025426
4000,2728,1,0.025426
4000,2746,1,0.025426
4000,2823,1,0.025426
4000,2826,1,0.025426
4000,2830,1,0.025426
4000,5808,1,0.025426
4016,2853,1,0.025426
4018,2111,1,0.025426
4028,3021,1,0.025426
4031,2829,1,0.025426
4031,2845,1,0.025426
4032,2797,1,0.025426
4032,2824,1,0.025426
4032,2836,1,0.025426
4032,2843,1,0.025426
4032,2845,1,0.025426
4032,2852,1,0.025426
4032,2863,1,0.025426
4032,2866,1,0.025426
4032,2867,1,0.025426
4032,2868,1,0.025426
4032,2886,1,0.025426
4080,3060,1,0.025426
4095,2303,1,0.025426
4096,2728,1,0.025426
4096,2896,1,0.025426
4096,2897,1,0.025426
4096,2909,1,0.025426
4096,3072,1,0.025426
4160,2068,1,0.025426
4160,2160,1,0.025426
4160,2340,1,0.025426
4160,2927,1,0.025426
4196,5400,1,0.025426
4224,5464,1,0.025426
4344,5528,1,0.025426
4567,3232,1,0.025426
4567,3268,1,0.025426
4579,3428,1,0.025426
4588,3250,1,0.025426
4608,3200,1,0.025426
4608,3264,1,0.025426
4608,3296,1,0.025426
4608,3456,1,0.025426
5632,3995,1,0.025426
5792,4140,1,0.025426
5944,3675,1,0.025426
5985,7660,1,0.025426
